transit_timestamp,station_complex,y,forecast,model,staff_required,staff_actual
2024-12-23 00:00:00,"Grand Central-42 St (S,4,5,6,7)",490.0,480.00384780962304,GradientBoosting,1.920015391238492,1.96
2024-12-23 01:00:00,"Grand Central-42 St (S,4,5,6,7)",154.0,133.48763714727866,GradientBoosting,0.5339505485891146,0.616
2024-12-23 02:00:00,"Grand Central-42 St (S,4,5,6,7)",67.0,147.09276787633019,GradientBoosting,0.5883710715053208,0.268
2024-12-23 03:00:00,"Grand Central-42 St (S,4,5,6,7)",28.0,94.68794348110916,GradientBoosting,0.37875177392443665,0.112
2024-12-23 04:00:00,"Grand Central-42 St (S,4,5,6,7)",30.0,96.61518057012368,GradientBoosting,0.3864607222804947,0.12
2024-12-23 05:00:00,"Grand Central-42 St (S,4,5,6,7)",328.0,471.56724361059486,GradientBoosting,1.8862689744423795,1.312
2024-12-23 06:00:00,"Grand Central-42 St (S,4,5,6,7)",1093.0,2345.1725694951692,GradientBoosting,9.380690277980676,4.372
2024-12-23 07:00:00,"Grand Central-42 St (S,4,5,6,7)",2003.0,6573.234041373303,GradientBoosting,26.29293616549321,8.012
2024-12-23 08:00:00,"Grand Central-42 St (S,4,5,6,7)",2204.0,9158.990736257696,GradientBoosting,36.63596294503078,8.816
2024-12-23 09:00:00,"Grand Central-42 St (S,4,5,6,7)",2103.0,6254.907920055012,GradientBoosting,25.019631680220048,8.412
2024-12-23 10:00:00,"Grand Central-42 St (S,4,5,6,7)",2157.0,4412.270211402266,GradientBoosting,17.649080845609063,8.628
2024-12-23 11:00:00,"Grand Central-42 St (S,4,5,6,7)",2709.0,2467.3608841343917,GradientBoosting,9.869443536537567,10.836
2024-12-23 12:00:00,"Grand Central-42 St (S,4,5,6,7)",3469.0,4655.548755724884,GradientBoosting,18.622195022899536,13.876
2024-12-23 13:00:00,"Grand Central-42 St (S,4,5,6,7)",3892.0,5058.183636911926,GradientBoosting,20.232734547647706,15.568
2024-12-23 14:00:00,"Grand Central-42 St (S,4,5,6,7)",3810.0,5531.379600008451,GradientBoosting,22.125518400033805,15.24
2024-12-23 15:00:00,"Grand Central-42 St (S,4,5,6,7)",3664.0,6152.162041009011,GradientBoosting,24.608648164036044,14.656
2024-12-23 16:00:00,"Grand Central-42 St (S,4,5,6,7)",4324.0,9784.552792744595,GradientBoosting,39.13821117097838,17.296
2024-12-23 17:00:00,"Grand Central-42 St (S,4,5,6,7)",3419.0,15359.33707675978,GradientBoosting,61.43734830703912,13.676
2024-12-23 18:00:00,"Grand Central-42 St (S,4,5,6,7)",2610.0,10445.191744500366,GradientBoosting,41.78076697800146,10.44
2024-12-23 19:00:00,"Grand Central-42 St (S,4,5,6,7)",1968.0,5812.240437732635,GradientBoosting,23.24896175093054,7.872
2024-12-23 20:00:00,"Grand Central-42 St (S,4,5,6,7)",1591.0,3168.5233219257234,GradientBoosting,12.674093287702894,6.364
2024-12-23 21:00:00,"Grand Central-42 St (S,4,5,6,7)",1433.0,2175.9368219398298,GradientBoosting,8.703747287759318,5.732
2024-12-23 22:00:00,"Grand Central-42 St (S,4,5,6,7)",1270.0,1428.5978181499124,GradientBoosting,5.7143912725996495,5.08
2024-12-23 23:00:00,"Grand Central-42 St (S,4,5,6,7)",842.0,1169.242903534377,GradientBoosting,4.676971614137508,3.368
2024-12-24 00:00:00,"Grand Central-42 St (S,4,5,6,7)",423.0,615.4493202546856,GradientBoosting,2.4617972810187427,1.692
2024-12-24 01:00:00,"Grand Central-42 St (S,4,5,6,7)",196.0,221.72575773958928,GradientBoosting,0.8869030309583571,0.784
2024-12-24 02:00:00,"Grand Central-42 St (S,4,5,6,7)",46.0,114.59929985580553,GradientBoosting,0.4583971994232221,0.184
2024-12-24 03:00:00,"Grand Central-42 St (S,4,5,6,7)",13.0,71.96661251030733,GradientBoosting,0.2878664500412293,0.052
2024-12-24 04:00:00,"Grand Central-42 St (S,4,5,6,7)",16.0,71.96661251030733,GradientBoosting,0.2878664500412293,0.064
2024-12-24 05:00:00,"Grand Central-42 St (S,4,5,6,7)",34.0,460.5651323203289,GradientBoosting,1.8422605292813157,0.136
2024-12-24 06:00:00,"Grand Central-42 St (S,4,5,6,7)",216.0,2028.3697807347285,GradientBoosting,8.113479122938914,0.864
2024-12-24 07:00:00,"Grand Central-42 St (S,4,5,6,7)",335.0,4957.447447232057,GradientBoosting,19.829789788928228,1.34
2024-12-24 08:00:00,"Grand Central-42 St (S,4,5,6,7)",383.0,8083.659932707826,GradientBoosting,32.334639730831306,1.532
2024-12-24 09:00:00,"Grand Central-42 St (S,4,5,6,7)",834.0,7765.618087887773,GradientBoosting,31.062472351551094,3.336
2024-12-24 10:00:00,"Grand Central-42 St (S,4,5,6,7)",1334.0,3523.426631417018,GradientBoosting,14.093706525668072,5.336
2024-12-24 11:00:00,"Grand Central-42 St (S,4,5,6,7)",1715.0,3731.0600640691623,GradientBoosting,14.924240256276649,6.86
2024-12-24 12:00:00,"Grand Central-42 St (S,4,5,6,7)",1653.0,3525.641579434586,GradientBoosting,14.102566317738345,6.612
2024-12-24 13:00:00,"Grand Central-42 St (S,4,5,6,7)",1501.0,4051.2648971618737,GradientBoosting,16.205059588647494,6.004
2024-12-24 14:00:00,"Grand Central-42 St (S,4,5,6,7)",1997.0,4931.4686231888345,GradientBoosting,19.725874492755338,7.988
2024-12-24 15:00:00,"Grand Central-42 St (S,4,5,6,7)",2603.0,6033.583691260905,GradientBoosting,24.13433476504362,10.412
2024-12-24 16:00:00,"Grand Central-42 St (S,4,5,6,7)",1996.0,8299.338264668557,GradientBoosting,33.197353058674224,7.984
2024-12-24 17:00:00,"Grand Central-42 St (S,4,5,6,7)",2189.0,13123.53524204322,GradientBoosting,52.49414096817288,8.756
2024-12-24 18:00:00,"Grand Central-42 St (S,4,5,6,7)",2173.0,10038.896858513202,GradientBoosting,40.15558743405281,8.692
2024-12-24 19:00:00,"Grand Central-42 St (S,4,5,6,7)",1890.0,6098.424203507665,GradientBoosting,24.39369681403066,7.56
2024-12-24 20:00:00,"Grand Central-42 St (S,4,5,6,7)",1739.0,3147.876174534398,GradientBoosting,12.591504698137593,6.956
2024-12-24 21:00:00,"Grand Central-42 St (S,4,5,6,7)",1638.0,1681.3945522948354,GradientBoosting,6.725578209179342,6.552
2024-12-24 22:00:00,"Grand Central-42 St (S,4,5,6,7)",1283.0,1584.9570896228377,GradientBoosting,6.339828358491351,5.132
2024-12-24 23:00:00,"Grand Central-42 St (S,4,5,6,7)",998.0,1181.1666682903285,GradientBoosting,4.724666673161314,3.992
2024-12-25 00:00:00,"Grand Central-42 St (S,4,5,6,7)",272.0,521.7128355808669,GradientBoosting,2.0868513423234676,1.088
2024-12-25 01:00:00,"Grand Central-42 St (S,4,5,6,7)",93.0,153.38573274024375,GradientBoosting,0.613542930960975,0.372
2024-12-25 02:00:00,"Grand Central-42 St (S,4,5,6,7)",25.0,57.72085776274775,GradientBoosting,0.230883431050991,0.1
2024-12-25 03:00:00,"Grand Central-42 St (S,4,5,6,7)",11.0,44.63125195884228,GradientBoosting,0.17852500783536912,0.044
2024-12-25 04:00:00,"Grand Central-42 St (S,4,5,6,7)",11.0,45.34268687272421,GradientBoosting,0.18137074749089682,0.044
2024-12-25 05:00:00,"Grand Central-42 St (S,4,5,6,7)",354.0,503.4393745071806,GradientBoosting,2.0137574980287223,1.416
2024-12-25 06:00:00,"Grand Central-42 St (S,4,5,6,7)",995.0,1954.7538038071914,GradientBoosting,7.819015215228766,3.98
2024-12-25 07:00:00,"Grand Central-42 St (S,4,5,6,7)",1846.0,5232.368704591328,GradientBoosting,20.929474818365314,7.384
2024-12-25 08:00:00,"Grand Central-42 St (S,4,5,6,7)",2419.0,7487.82031698985,GradientBoosting,29.9512812679594,9.676
2024-12-25 09:00:00,"Grand Central-42 St (S,4,5,6,7)",2729.0,5639.007259708262,GradientBoosting,22.556029038833046,10.916
2024-12-25 10:00:00,"Grand Central-42 St (S,4,5,6,7)",3880.0,2805.121358718907,GradientBoosting,11.220485434875627,15.52
2024-12-25 11:00:00,"Grand Central-42 St (S,4,5,6,7)",3862.0,2285.862768098017,GradientBoosting,9.143451072392068,15.448
2024-12-25 12:00:00,"Grand Central-42 St (S,4,5,6,7)",3761.0,2332.70598134525,GradientBoosting,9.330823925381,15.044
2024-12-25 13:00:00,"Grand Central-42 St (S,4,5,6,7)",4670.0,2298.2490700728554,GradientBoosting,9.192996280291421,18.68
2024-12-25 14:00:00,"Grand Central-42 St (S,4,5,6,7)",4944.0,3478.459328243298,GradientBoosting,13.913837312973191,19.776
2024-12-25 15:00:00,"Grand Central-42 St (S,4,5,6,7)",5430.0,4958.428156424381,GradientBoosting,19.833712625697526,21.72
2024-12-25 16:00:00,"Grand Central-42 St (S,4,5,6,7)",5919.0,8702.353627251618,GradientBoosting,34.80941450900647,23.676
2024-12-25 17:00:00,"Grand Central-42 St (S,4,5,6,7)",6122.0,14713.593785593703,GradientBoosting,58.85437514237481,24.488
2024-12-25 18:00:00,"Grand Central-42 St (S,4,5,6,7)",4755.0,7898.274321453718,GradientBoosting,31.59309728581487,19.02
2024-12-25 19:00:00,"Grand Central-42 St (S,4,5,6,7)",3558.0,6688.930302318281,GradientBoosting,26.755721209273123,14.232
2024-12-25 20:00:00,"Grand Central-42 St (S,4,5,6,7)",2453.0,3581.8991531148413,GradientBoosting,14.327596612459365,9.812
2024-12-25 21:00:00,"Grand Central-42 St (S,4,5,6,7)",2007.0,1930.6169322719627,GradientBoosting,7.7224677290878505,8.028
2024-12-25 22:00:00,"Grand Central-42 St (S,4,5,6,7)",1657.0,1648.9252574555844,GradientBoosting,6.5957010298223375,6.628
2024-12-25 23:00:00,"Grand Central-42 St (S,4,5,6,7)",1046.0,1001.7819974359235,GradientBoosting,4.007127989743694,4.184
2024-12-26 00:00:00,"Grand Central-42 St (S,4,5,6,7)",596.0,402.9532623454818,GradientBoosting,1.6118130493819272,2.384
2024-12-26 01:00:00,"Grand Central-42 St (S,4,5,6,7)",177.0,50.23225098822636,GradientBoosting,0.20092900395290544,0.708
2024-12-26 02:00:00,"Grand Central-42 St (S,4,5,6,7)",68.0,-66.41869759228702,GradientBoosting,-0.2656747903691481,0.272
2024-12-26 03:00:00,"Grand Central-42 St (S,4,5,6,7)",36.0,-76.40248562602126,GradientBoosting,-0.305609942504085,0.144
2024-12-26 04:00:00,"Grand Central-42 St (S,4,5,6,7)",33.0,-74.47524853700672,GradientBoosting,-0.2979009941480269,0.132
2024-12-26 05:00:00,"Grand Central-42 St (S,4,5,6,7)",363.0,504.7471006415828,GradientBoosting,2.018988402566331,1.452
2024-12-26 06:00:00,"Grand Central-42 St (S,4,5,6,7)",1200.0,1705.3402300035546,GradientBoosting,6.821360920014218,4.8
2024-12-26 07:00:00,"Grand Central-42 St (S,4,5,6,7)",2148.0,3224.975705760928,GradientBoosting,12.899902823043712,8.592
2024-12-26 08:00:00,"Grand Central-42 St (S,4,5,6,7)",2836.0,3881.2816467940324,GradientBoosting,15.52512658717613,11.344
2024-12-26 09:00:00,"Grand Central-42 St (S,4,5,6,7)",3108.0,3015.392800441942,GradientBoosting,12.06157120176777,12.432
2024-12-26 10:00:00,"Grand Central-42 St (S,4,5,6,7)",3716.0,3207.2424084320437,GradientBoosting,12.828969633728175,14.864
2024-12-26 11:00:00,"Grand Central-42 St (S,4,5,6,7)",4258.0,3758.2227123225616,GradientBoosting,15.032890849290247,17.032
2024-12-26 12:00:00,"Grand Central-42 St (S,4,5,6,7)",4033.0,4203.461927579374,GradientBoosting,16.813847710317496,16.132
2024-12-26 13:00:00,"Grand Central-42 St (S,4,5,6,7)",4356.0,3911.2374888516874,GradientBoosting,15.64494995540675,17.424
2024-12-26 14:00:00,"Grand Central-42 St (S,4,5,6,7)",5332.0,3928.21464938864,GradientBoosting,15.71285859755456,21.328
2024-12-26 15:00:00,"Grand Central-42 St (S,4,5,6,7)",6373.0,3793.1785547237514,GradientBoosting,15.172714218895006,25.492
2024-12-26 16:00:00,"Grand Central-42 St (S,4,5,6,7)",6740.0,4397.936484811757,GradientBoosting,17.591745939247026,26.96
2024-12-26 17:00:00,"Grand Central-42 St (S,4,5,6,7)",6295.0,7427.763568365755,GradientBoosting,29.71105427346302,25.18
2024-12-26 18:00:00,"Grand Central-42 St (S,4,5,6,7)",5074.0,4708.50697484526,GradientBoosting,18.834027899381038,20.296
2024-12-26 19:00:00,"Grand Central-42 St (S,4,5,6,7)",4023.0,2788.731805422131,GradientBoosting,11.154927221688524,16.092
2024-12-26 20:00:00,"Grand Central-42 St (S,4,5,6,7)",2867.0,2746.585241957042,GradientBoosting,10.986340967828168,11.468
2024-12-26 21:00:00,"Grand Central-42 St (S,4,5,6,7)",2037.0,2210.3755482101797,GradientBoosting,8.841502192840718,8.148
2024-12-26 22:00:00,"Grand Central-42 St (S,4,5,6,7)",1692.0,1649.140544654815,GradientBoosting,6.596562178619259,6.768
2024-12-26 23:00:00,"Grand Central-42 St (S,4,5,6,7)",1365.0,1184.4860550949786,GradientBoosting,4.737944220379914,5.46
2024-12-27 00:00:00,"Grand Central-42 St (S,4,5,6,7)",696.0,540.5737325303647,GradientBoosting,2.162294930121459,2.784
2024-12-27 01:00:00,"Grand Central-42 St (S,4,5,6,7)",197.0,194.44915958853724,GradientBoosting,0.7777966383541489,0.788
2024-12-27 02:00:00,"Grand Central-42 St (S,4,5,6,7)",102.0,70.30447209425596,GradientBoosting,0.28121788837702383,0.408
2024-12-27 03:00:00,"Grand Central-42 St (S,4,5,6,7)",44.0,45.839926777679366,GradientBoosting,0.18335970711071747,0.176
2024-12-27 04:00:00,"Grand Central-42 St (S,4,5,6,7)",26.0,21.678309167999956,GradientBoosting,0.08671323667199983,0.104
2024-12-27 05:00:00,"Grand Central-42 St (S,4,5,6,7)",60.0,186.70242059064512,GradientBoosting,0.7468096823625805,0.24
2024-12-27 06:00:00,"Grand Central-42 St (S,4,5,6,7)",357.0,795.9825357180375,GradientBoosting,3.1839301428721503,1.428
2024-12-27 07:00:00,"Grand Central-42 St (S,4,5,6,7)",580.0,1986.028990394458,GradientBoosting,7.9441159615778325,2.32
2024-12-27 08:00:00,"Grand Central-42 St (S,4,5,6,7)",1110.0,2220.3066334662813,GradientBoosting,8.881226533865124,4.44
2024-12-27 09:00:00,"Grand Central-42 St (S,4,5,6,7)",1925.0,2751.6407745108354,GradientBoosting,11.006563098043342,7.7
2024-12-27 10:00:00,"Grand Central-42 St (S,4,5,6,7)",2924.0,2696.3474029070335,GradientBoosting,10.785389611628133,11.696
2024-12-27 11:00:00,"Grand Central-42 St (S,4,5,6,7)",4136.0,3044.2540043805234,GradientBoosting,12.177016017522094,16.544
2024-12-27 12:00:00,"Grand Central-42 St (S,4,5,6,7)",3988.0,3067.4573099955574,GradientBoosting,12.26982923998223,15.952
2024-12-27 13:00:00,"Grand Central-42 St (S,4,5,6,7)",3683.0,3178.183111931882,GradientBoosting,12.712732447727529,14.732
2024-12-27 14:00:00,"Grand Central-42 St (S,4,5,6,7)",3337.0,3100.105955157106,GradientBoosting,12.400423820628424,13.348
2024-12-27 15:00:00,"Grand Central-42 St (S,4,5,6,7)",4140.0,3203.6240060416785,GradientBoosting,12.814496024166713,16.56
2024-12-27 16:00:00,"Grand Central-42 St (S,4,5,6,7)",4272.0,3121.250708842779,GradientBoosting,12.485002835371116,17.088
2024-12-27 17:00:00,"Grand Central-42 St (S,4,5,6,7)",4604.0,3729.433290006018,GradientBoosting,14.917733160024072,18.416
2024-12-27 18:00:00,"Grand Central-42 St (S,4,5,6,7)",3484.0,2997.3846202534205,GradientBoosting,11.989538481013682,13.936
2024-12-27 19:00:00,"Grand Central-42 St (S,4,5,6,7)",2915.0,3030.9248701821116,GradientBoosting,12.123699480728446,11.66
2024-12-27 20:00:00,"Grand Central-42 St (S,4,5,6,7)",2424.0,2197.3394790568605,GradientBoosting,8.789357916227441,9.696
2024-12-27 21:00:00,"Grand Central-42 St (S,4,5,6,7)",1732.0,1928.7941381009955,GradientBoosting,7.715176552403982,6.928
2024-12-27 22:00:00,"Grand Central-42 St (S,4,5,6,7)",1510.0,1586.3101789776542,GradientBoosting,6.345240715910617,6.04
2024-12-27 23:00:00,"Grand Central-42 St (S,4,5,6,7)",1047.0,1061.5220194813191,GradientBoosting,4.246088077925276,4.188
2024-12-28 00:00:00,"Grand Central-42 St (S,4,5,6,7)",394.0,589.1745063296712,GradientBoosting,2.3566980253186847,1.576
2024-12-28 01:00:00,"Grand Central-42 St (S,4,5,6,7)",227.0,311.1960172201548,GradientBoosting,1.244784068880619,0.908
2024-12-28 02:00:00,"Grand Central-42 St (S,4,5,6,7)",80.0,92.16185621491755,GradientBoosting,0.36864742485967017,0.32
2024-12-28 03:00:00,"Grand Central-42 St (S,4,5,6,7)",41.0,30.365343766253808,GradientBoosting,0.12146137506501523,0.164
2024-12-28 04:00:00,"Grand Central-42 St (S,4,5,6,7)",22.0,6.203726156574408,GradientBoosting,0.024814904626297634,0.088
2024-12-28 05:00:00,"Grand Central-42 St (S,4,5,6,7)",76.0,63.63183584185034,GradientBoosting,0.25452734336740135,0.304
2024-12-28 06:00:00,"Grand Central-42 St (S,4,5,6,7)",212.0,397.95426622768446,GradientBoosting,1.591817064910738,0.848
2024-12-28 07:00:00,"Grand Central-42 St (S,4,5,6,7)",444.0,1428.918660394224,GradientBoosting,5.7156746415768955,1.776
2024-12-28 08:00:00,"Grand Central-42 St (S,4,5,6,7)",802.0,1053.2450163757437,GradientBoosting,4.2129800655029745,3.208
2024-12-28 09:00:00,"Grand Central-42 St (S,4,5,6,7)",1664.0,1469.2658871980673,GradientBoosting,5.877063548792269,6.656
2024-12-28 10:00:00,"Grand Central-42 St (S,4,5,6,7)",2297.0,2123.271410558551,GradientBoosting,8.493085642234204,9.188
2024-12-28 11:00:00,"Grand Central-42 St (S,4,5,6,7)",3528.0,2600.6355313180416,GradientBoosting,10.402542125272166,14.112
2024-12-28 12:00:00,"Grand Central-42 St (S,4,5,6,7)",3351.0,2784.1753194165235,GradientBoosting,11.136701277666093,13.404
2024-12-28 13:00:00,"Grand Central-42 St (S,4,5,6,7)",3076.0,2915.995167579135,GradientBoosting,11.663980670316539,12.304
2024-12-28 14:00:00,"Grand Central-42 St (S,4,5,6,7)",2931.0,2920.454437196666,GradientBoosting,11.681817748786663,11.724
2024-12-28 15:00:00,"Grand Central-42 St (S,4,5,6,7)",2891.0,3388.8073826232016,GradientBoosting,13.555229530492806,11.564
2024-12-28 16:00:00,"Grand Central-42 St (S,4,5,6,7)",2805.0,3615.2727356214045,GradientBoosting,14.461090942485619,11.22
2024-12-28 17:00:00,"Grand Central-42 St (S,4,5,6,7)",3033.0,3623.1235815388122,GradientBoosting,14.49249432615525,12.132
2024-12-28 18:00:00,"Grand Central-42 St (S,4,5,6,7)",3008.0,3767.4949211646363,GradientBoosting,15.069979684658545,12.032
2024-12-28 19:00:00,"Grand Central-42 St (S,4,5,6,7)",2604.0,3105.3295213468664,GradientBoosting,12.421318085387465,10.416
2024-12-28 20:00:00,"Grand Central-42 St (S,4,5,6,7)",1883.0,1857.8658193868894,GradientBoosting,7.431463277547557,7.532
2024-12-28 21:00:00,"Grand Central-42 St (S,4,5,6,7)",1646.0,1493.4359704505948,GradientBoosting,5.973743881802379,6.584
2024-12-28 22:00:00,"Grand Central-42 St (S,4,5,6,7)",1111.0,949.2972149125062,GradientBoosting,3.7971888596500247,4.444
2024-12-28 23:00:00,"Grand Central-42 St (S,4,5,6,7)",583.0,760.4921939130462,GradientBoosting,3.041968775652185,2.332
2024-12-29 00:00:00,"Grand Central-42 St (S,4,5,6,7)",271.0,274.857702448627,GradientBoosting,1.099430809794508,1.084
2024-12-29 01:00:00,"Grand Central-42 St (S,4,5,6,7)",129.0,159.47435296738294,GradientBoosting,0.6378974118695317,0.516
2024-12-29 02:00:00,"Grand Central-42 St (S,4,5,6,7)",53.0,-3.0776702708282713,GradientBoosting,-0.012310681083313084,0.212
2024-12-29 03:00:00,"Grand Central-42 St (S,4,5,6,7)",17.0,254.59474840807948,GradientBoosting,1.018378993632318,0.068
2024-12-29 04:00:00,"Grand Central-42 St (S,4,5,6,7)",47.0,208.43404281919098,GradientBoosting,0.8337361712767639,0.188
2024-12-29 05:00:00,"Grand Central-42 St (S,4,5,6,7)",512.0,431.6440620252275,GradientBoosting,1.7265762481009101,2.048
2024-12-29 06:00:00,"Grand Central-42 St (S,4,5,6,7)",1374.0,1786.1186683777926,GradientBoosting,7.14447467351117,5.496
2024-12-29 07:00:00,"Grand Central-42 St (S,4,5,6,7)",2635.0,3289.4196070735698,GradientBoosting,13.157678428294279,10.54
2024-12-29 08:00:00,"Grand Central-42 St (S,4,5,6,7)",3700.0,5529.3008783622245,GradientBoosting,22.1172035134489,14.8
2024-12-29 09:00:00,"Grand Central-42 St (S,4,5,6,7)",3094.0,4246.174165110973,GradientBoosting,16.984696660443895,12.376
2024-12-29 10:00:00,"Grand Central-42 St (S,4,5,6,7)",3799.0,3772.4992871277223,GradientBoosting,15.08999714851089,15.196
2024-12-29 11:00:00,"Grand Central-42 St (S,4,5,6,7)",3869.0,3407.740958392026,GradientBoosting,13.630963833568105,15.476
2024-12-29 12:00:00,"Grand Central-42 St (S,4,5,6,7)",4494.0,3465.0028616152167,GradientBoosting,13.860011446460867,17.976
2024-12-29 13:00:00,"Grand Central-42 St (S,4,5,6,7)",4837.0,3535.112551439528,GradientBoosting,14.140450205758112,19.348
2024-12-29 14:00:00,"Grand Central-42 St (S,4,5,6,7)",4502.0,4162.609352625017,GradientBoosting,16.650437410500068,18.008
2024-12-29 15:00:00,"Grand Central-42 St (S,4,5,6,7)",5533.0,5084.134007381873,GradientBoosting,20.33653602952749,22.132
2024-12-29 16:00:00,"Grand Central-42 St (S,4,5,6,7)",7099.0,6981.9534036564055,GradientBoosting,27.927813614625624,28.396
2024-12-29 17:00:00,"Grand Central-42 St (S,4,5,6,7)",7960.0,7283.140252896799,GradientBoosting,29.132561011587196,31.84
2024-12-29 18:00:00,"Grand Central-42 St (S,4,5,6,7)",4771.0,6697.360355182887,GradientBoosting,26.78944142073155,19.084
2024-12-29 19:00:00,"Grand Central-42 St (S,4,5,6,7)",3440.0,4151.420531384309,GradientBoosting,16.605682125537236,13.76
2024-12-29 20:00:00,"Grand Central-42 St (S,4,5,6,7)",2386.0,2475.283268362347,GradientBoosting,9.901133073449389,9.544
2024-12-29 21:00:00,"Grand Central-42 St (S,4,5,6,7)",1772.0,1612.2836865862298,GradientBoosting,6.449134746344919,7.088
2024-12-29 22:00:00,"Grand Central-42 St (S,4,5,6,7)",1732.0,1390.6914206479123,GradientBoosting,5.56276568259165,6.928
2024-12-29 23:00:00,"Grand Central-42 St (S,4,5,6,7)",1284.0,922.9615345958088,GradientBoosting,3.691846138383235,5.136
2024-12-23 00:00:00,"Times Sq-42 St (N,Q,R,W,S,1,2,3,7)/42 St (A,C,E)",1520.0,1313.6781575597508,GradientBoosting,5.254712630239004,6.08
2024-12-23 01:00:00,"Times Sq-42 St (N,Q,R,W,S,1,2,3,7)/42 St (A,C,E)",566.0,436.23367977331196,GradientBoosting,1.7449347190932478,2.264
2024-12-23 02:00:00,"Times Sq-42 St (N,Q,R,W,S,1,2,3,7)/42 St (A,C,E)",214.0,197.03046948720905,GradientBoosting,0.7881218779488361,0.856
2024-12-23 03:00:00,"Times Sq-42 St (N,Q,R,W,S,1,2,3,7)/42 St (A,C,E)",128.0,143.87872791512513,GradientBoosting,0.5755149116605005,0.512
2024-12-23 04:00:00,"Times Sq-42 St (N,Q,R,W,S,1,2,3,7)/42 St (A,C,E)",213.0,205.00205996154577,GradientBoosting,0.8200082398461831,0.852
2024-12-23 05:00:00,"Times Sq-42 St (N,Q,R,W,S,1,2,3,7)/42 St (A,C,E)",1022.0,1733.520174701524,GradientBoosting,6.9340806988060955,4.088
2024-12-23 06:00:00,"Times Sq-42 St (N,Q,R,W,S,1,2,3,7)/42 St (A,C,E)",2940.0,4731.645375579518,GradientBoosting,18.926581502318072,11.76
2024-12-23 07:00:00,"Times Sq-42 St (N,Q,R,W,S,1,2,3,7)/42 St (A,C,E)",3692.0,9288.05313687353,GradientBoosting,37.15221254749412,14.768
2024-12-23 08:00:00,"Times Sq-42 St (N,Q,R,W,S,1,2,3,7)/42 St (A,C,E)",3915.0,10511.750687494301,GradientBoosting,42.0470027499772,15.66
2024-12-23 09:00:00,"Times Sq-42 St (N,Q,R,W,S,1,2,3,7)/42 St (A,C,E)",4169.0,8457.18641493132,GradientBoosting,33.828745659725286,16.676
2024-12-23 10:00:00,"Times Sq-42 St (N,Q,R,W,S,1,2,3,7)/42 St (A,C,E)",3661.0,5093.186271567226,GradientBoosting,20.372745086268903,14.644
2024-12-23 11:00:00,"Times Sq-42 St (N,Q,R,W,S,1,2,3,7)/42 St (A,C,E)",3845.0,4807.219536527917,GradientBoosting,19.22887814611167,15.38
2024-12-23 12:00:00,"Times Sq-42 St (N,Q,R,W,S,1,2,3,7)/42 St (A,C,E)",4238.0,4604.735669947023,GradientBoosting,18.418942679788092,16.952
2024-12-23 13:00:00,"Times Sq-42 St (N,Q,R,W,S,1,2,3,7)/42 St (A,C,E)",4022.0,4463.8946762959185,GradientBoosting,17.855578705183675,16.088
2024-12-23 14:00:00,"Times Sq-42 St (N,Q,R,W,S,1,2,3,7)/42 St (A,C,E)",5006.0,4981.174937383021,GradientBoosting,19.92469974953208,20.024
2024-12-23 15:00:00,"Times Sq-42 St (N,Q,R,W,S,1,2,3,7)/42 St (A,C,E)",5928.0,6904.49954297132,GradientBoosting,27.61799817188528,23.712
2024-12-23 16:00:00,"Times Sq-42 St (N,Q,R,W,S,1,2,3,7)/42 St (A,C,E)",6129.0,9196.847021614529,GradientBoosting,36.787388086458115,24.516
2024-12-23 17:00:00,"Times Sq-42 St (N,Q,R,W,S,1,2,3,7)/42 St (A,C,E)",5069.0,10612.11542902326,GradientBoosting,42.44846171609304,20.276
2024-12-23 18:00:00,"Times Sq-42 St (N,Q,R,W,S,1,2,3,7)/42 St (A,C,E)",4602.0,9005.839082572133,GradientBoosting,36.02335633028853,18.408
2024-12-23 19:00:00,"Times Sq-42 St (N,Q,R,W,S,1,2,3,7)/42 St (A,C,E)",5085.0,6230.016862723225,GradientBoosting,24.9200674508929,20.34
2024-12-23 20:00:00,"Times Sq-42 St (N,Q,R,W,S,1,2,3,7)/42 St (A,C,E)",3855.0,5562.219148444813,GradientBoosting,22.24887659377925,15.42
2024-12-23 21:00:00,"Times Sq-42 St (N,Q,R,W,S,1,2,3,7)/42 St (A,C,E)",3476.0,5525.331763610237,GradientBoosting,22.10132705444095,13.904
2024-12-23 22:00:00,"Times Sq-42 St (N,Q,R,W,S,1,2,3,7)/42 St (A,C,E)",3334.0,6467.43619073048,GradientBoosting,25.869744762921922,13.336
2024-12-23 23:00:00,"Times Sq-42 St (N,Q,R,W,S,1,2,3,7)/42 St (A,C,E)",1860.0,2952.387390807112,GradientBoosting,11.809549563228448,7.44
2024-12-24 00:00:00,"Times Sq-42 St (N,Q,R,W,S,1,2,3,7)/42 St (A,C,E)",1836.0,1599.3970447513211,GradientBoosting,6.397588179005284,7.344
2024-12-24 01:00:00,"Times Sq-42 St (N,Q,R,W,S,1,2,3,7)/42 St (A,C,E)",701.0,807.1469915760479,GradientBoosting,3.2285879663041914,2.804
2024-12-24 02:00:00,"Times Sq-42 St (N,Q,R,W,S,1,2,3,7)/42 St (A,C,E)",361.0,337.971552037624,GradientBoosting,1.351886208150496,1.444
2024-12-24 03:00:00,"Times Sq-42 St (N,Q,R,W,S,1,2,3,7)/42 St (A,C,E)",195.0,229.57014434314152,GradientBoosting,0.9182805773725661,0.78
2024-12-24 04:00:00,"Times Sq-42 St (N,Q,R,W,S,1,2,3,7)/42 St (A,C,E)",110.0,221.67122959985628,GradientBoosting,0.8866849183994251,0.44
2024-12-24 05:00:00,"Times Sq-42 St (N,Q,R,W,S,1,2,3,7)/42 St (A,C,E)",118.0,1710.5686167249787,GradientBoosting,6.842274466899915,0.472
2024-12-24 06:00:00,"Times Sq-42 St (N,Q,R,W,S,1,2,3,7)/42 St (A,C,E)",407.0,5120.6409157484795,GradientBoosting,20.48256366299392,1.628
2024-12-24 07:00:00,"Times Sq-42 St (N,Q,R,W,S,1,2,3,7)/42 St (A,C,E)",793.0,7122.381491360491,GradientBoosting,28.489525965441963,3.172
2024-12-24 08:00:00,"Times Sq-42 St (N,Q,R,W,S,1,2,3,7)/42 St (A,C,E)",1008.0,7928.654004317988,GradientBoosting,31.714616017271954,4.032
2024-12-24 09:00:00,"Times Sq-42 St (N,Q,R,W,S,1,2,3,7)/42 St (A,C,E)",1732.0,7999.312437339699,GradientBoosting,31.997249749358794,6.928
2024-12-24 10:00:00,"Times Sq-42 St (N,Q,R,W,S,1,2,3,7)/42 St (A,C,E)",2803.0,5154.24180412078,GradientBoosting,20.616967216483122,11.212
2024-12-24 11:00:00,"Times Sq-42 St (N,Q,R,W,S,1,2,3,7)/42 St (A,C,E)",3042.0,4556.357016262902,GradientBoosting,18.22542806505161,12.168
2024-12-24 12:00:00,"Times Sq-42 St (N,Q,R,W,S,1,2,3,7)/42 St (A,C,E)",3275.0,4056.0536921414105,GradientBoosting,16.22421476856564,13.1
2024-12-24 13:00:00,"Times Sq-42 St (N,Q,R,W,S,1,2,3,7)/42 St (A,C,E)",3489.0,4344.284659997838,GradientBoosting,17.377138639991355,13.956
2024-12-24 14:00:00,"Times Sq-42 St (N,Q,R,W,S,1,2,3,7)/42 St (A,C,E)",3490.0,4163.043464514272,GradientBoosting,16.65217385805709,13.96
2024-12-24 15:00:00,"Times Sq-42 St (N,Q,R,W,S,1,2,3,7)/42 St (A,C,E)",4117.0,5806.278314215463,GradientBoosting,23.225113256861853,16.468
2024-12-24 16:00:00,"Times Sq-42 St (N,Q,R,W,S,1,2,3,7)/42 St (A,C,E)",4035.0,8140.4783307898315,GradientBoosting,32.561913323159324,16.14
2024-12-24 17:00:00,"Times Sq-42 St (N,Q,R,W,S,1,2,3,7)/42 St (A,C,E)",5061.0,10436.62221377312,GradientBoosting,41.74648885509248,20.244
2024-12-24 18:00:00,"Times Sq-42 St (N,Q,R,W,S,1,2,3,7)/42 St (A,C,E)",1443.0,9513.431732091069,GradientBoosting,38.05372692836428,5.772
2024-12-24 19:00:00,"Times Sq-42 St (N,Q,R,W,S,1,2,3,7)/42 St (A,C,E)",5076.0,6658.274949190977,GradientBoosting,26.633099796763908,20.304
2024-12-24 20:00:00,"Times Sq-42 St (N,Q,R,W,S,1,2,3,7)/42 St (A,C,E)",4171.0,5337.278593529833,GradientBoosting,21.349114374119335,16.684
2024-12-24 21:00:00,"Times Sq-42 St (N,Q,R,W,S,1,2,3,7)/42 St (A,C,E)",3805.0,7227.993349581414,GradientBoosting,28.911973398325657,15.22
2024-12-24 22:00:00,"Times Sq-42 St (N,Q,R,W,S,1,2,3,7)/42 St (A,C,E)",3031.0,5677.287934457525,GradientBoosting,22.7091517378301,12.124
2024-12-24 23:00:00,"Times Sq-42 St (N,Q,R,W,S,1,2,3,7)/42 St (A,C,E)",2186.0,2442.6492506122354,GradientBoosting,9.770597002448941,8.744
2024-12-25 00:00:00,"Times Sq-42 St (N,Q,R,W,S,1,2,3,7)/42 St (A,C,E)",1318.0,1469.346589168841,GradientBoosting,5.877386356675364,5.272
2024-12-25 01:00:00,"Times Sq-42 St (N,Q,R,W,S,1,2,3,7)/42 St (A,C,E)",500.0,669.2609009668795,GradientBoosting,2.677043603867518,2.0
2024-12-25 02:00:00,"Times Sq-42 St (N,Q,R,W,S,1,2,3,7)/42 St (A,C,E)",242.0,246.25132413683113,GradientBoosting,0.9850052965473245,0.968
2024-12-25 03:00:00,"Times Sq-42 St (N,Q,R,W,S,1,2,3,7)/42 St (A,C,E)",135.0,171.52729905005256,GradientBoosting,0.6861091962002103,0.54
2024-12-25 04:00:00,"Times Sq-42 St (N,Q,R,W,S,1,2,3,7)/42 St (A,C,E)",174.0,177.31534316558873,GradientBoosting,0.7092613726623549,0.696
2024-12-25 05:00:00,"Times Sq-42 St (N,Q,R,W,S,1,2,3,7)/42 St (A,C,E)",1218.0,1786.1718600096344,GradientBoosting,7.144687440038537,4.872
2024-12-25 06:00:00,"Times Sq-42 St (N,Q,R,W,S,1,2,3,7)/42 St (A,C,E)",3745.0,3618.0681468875405,GradientBoosting,14.472272587550162,14.98
2024-12-25 07:00:00,"Times Sq-42 St (N,Q,R,W,S,1,2,3,7)/42 St (A,C,E)",4046.0,6525.478736814077,GradientBoosting,26.101914947256308,16.184
2024-12-25 08:00:00,"Times Sq-42 St (N,Q,R,W,S,1,2,3,7)/42 St (A,C,E)",4905.0,7778.449033530924,GradientBoosting,31.113796134123696,19.62
2024-12-25 09:00:00,"Times Sq-42 St (N,Q,R,W,S,1,2,3,7)/42 St (A,C,E)",4892.0,7059.4185745237255,GradientBoosting,28.237674298094902,19.568
2024-12-25 10:00:00,"Times Sq-42 St (N,Q,R,W,S,1,2,3,7)/42 St (A,C,E)",5279.0,4240.07744230863,GradientBoosting,16.96030976923452,21.116
2024-12-25 11:00:00,"Times Sq-42 St (N,Q,R,W,S,1,2,3,7)/42 St (A,C,E)",4506.0,3964.660287856571,GradientBoosting,15.858641151426283,18.024
2024-12-25 12:00:00,"Times Sq-42 St (N,Q,R,W,S,1,2,3,7)/42 St (A,C,E)",4494.0,3511.4355293444514,GradientBoosting,14.045742117377806,17.976
2024-12-25 13:00:00,"Times Sq-42 St (N,Q,R,W,S,1,2,3,7)/42 St (A,C,E)",4921.0,3562.231703745576,GradientBoosting,14.248926814982303,19.684
2024-12-25 14:00:00,"Times Sq-42 St (N,Q,R,W,S,1,2,3,7)/42 St (A,C,E)",4840.0,4801.264430608007,GradientBoosting,19.20505772243203,19.36
2024-12-25 15:00:00,"Times Sq-42 St (N,Q,R,W,S,1,2,3,7)/42 St (A,C,E)",6269.0,5826.847675997113,GradientBoosting,23.30739070398845,25.076
2024-12-25 16:00:00,"Times Sq-42 St (N,Q,R,W,S,1,2,3,7)/42 St (A,C,E)",7892.0,7454.403861352201,GradientBoosting,29.8176154454088,31.568
2024-12-25 17:00:00,"Times Sq-42 St (N,Q,R,W,S,1,2,3,7)/42 St (A,C,E)",7651.0,10345.416865341505,GradientBoosting,41.38166746136602,30.604
2024-12-25 18:00:00,"Times Sq-42 St (N,Q,R,W,S,1,2,3,7)/42 St (A,C,E)",6866.0,9251.925148628714,GradientBoosting,37.00770059451486,27.464
2024-12-25 19:00:00,"Times Sq-42 St (N,Q,R,W,S,1,2,3,7)/42 St (A,C,E)",6042.0,6642.9292478901725,GradientBoosting,26.57171699156069,24.168
2024-12-25 20:00:00,"Times Sq-42 St (N,Q,R,W,S,1,2,3,7)/42 St (A,C,E)",5918.0,4660.898284434198,GradientBoosting,18.643593137736794,23.672
2024-12-25 21:00:00,"Times Sq-42 St (N,Q,R,W,S,1,2,3,7)/42 St (A,C,E)",6119.0,6247.3822986369105,GradientBoosting,24.989529194547643,24.476
2024-12-25 22:00:00,"Times Sq-42 St (N,Q,R,W,S,1,2,3,7)/42 St (A,C,E)",5748.0,5210.981480349849,GradientBoosting,20.843925921399396,22.992
2024-12-25 23:00:00,"Times Sq-42 St (N,Q,R,W,S,1,2,3,7)/42 St (A,C,E)",2920.0,2216.6958378023755,GradientBoosting,8.866783351209502,11.68
2024-12-26 00:00:00,"Times Sq-42 St (N,Q,R,W,S,1,2,3,7)/42 St (A,C,E)",2051.0,1325.9331428428825,GradientBoosting,5.30373257137153,8.204
2024-12-26 01:00:00,"Times Sq-42 St (N,Q,R,W,S,1,2,3,7)/42 St (A,C,E)",594.0,427.45190971802793,GradientBoosting,1.7098076388721117,2.376
2024-12-26 02:00:00,"Times Sq-42 St (N,Q,R,W,S,1,2,3,7)/42 St (A,C,E)",280.0,36.6049152543734,GradientBoosting,0.1464196610174936,1.12
2024-12-26 03:00:00,"Times Sq-42 St (N,Q,R,W,S,1,2,3,7)/42 St (A,C,E)",123.0,-7.781416241435042,GradientBoosting,-0.031125664965740166,0.492
2024-12-26 04:00:00,"Times Sq-42 St (N,Q,R,W,S,1,2,3,7)/42 St (A,C,E)",257.0,57.191615263597676,GradientBoosting,0.2287664610543907,1.028
2024-12-26 05:00:00,"Times Sq-42 St (N,Q,R,W,S,1,2,3,7)/42 St (A,C,E)",1643.0,1840.1708755248667,GradientBoosting,7.360683502099467,6.572
2024-12-26 06:00:00,"Times Sq-42 St (N,Q,R,W,S,1,2,3,7)/42 St (A,C,E)",3541.0,4175.909895546677,GradientBoosting,16.703639582186707,14.164
2024-12-26 07:00:00,"Times Sq-42 St (N,Q,R,W,S,1,2,3,7)/42 St (A,C,E)",3244.0,4806.955778343249,GradientBoosting,19.227823113372995,12.976
2024-12-26 08:00:00,"Times Sq-42 St (N,Q,R,W,S,1,2,3,7)/42 St (A,C,E)",5253.0,5084.977294460939,GradientBoosting,20.339909177843758,21.012
2024-12-26 09:00:00,"Times Sq-42 St (N,Q,R,W,S,1,2,3,7)/42 St (A,C,E)",5341.0,5112.605199393466,GradientBoosting,20.450420797573866,21.364
2024-12-26 10:00:00,"Times Sq-42 St (N,Q,R,W,S,1,2,3,7)/42 St (A,C,E)",4897.0,3989.5308975894472,GradientBoosting,15.95812359035779,19.588
2024-12-26 11:00:00,"Times Sq-42 St (N,Q,R,W,S,1,2,3,7)/42 St (A,C,E)",4826.0,4552.712327410585,GradientBoosting,18.21084930964234,19.304
2024-12-26 12:00:00,"Times Sq-42 St (N,Q,R,W,S,1,2,3,7)/42 St (A,C,E)",4130.0,3986.320291742559,GradientBoosting,15.945281166970236,16.52
2024-12-26 13:00:00,"Times Sq-42 St (N,Q,R,W,S,1,2,3,7)/42 St (A,C,E)",5166.0,3997.6521802478505,GradientBoosting,15.990608720991402,20.664
2024-12-26 14:00:00,"Times Sq-42 St (N,Q,R,W,S,1,2,3,7)/42 St (A,C,E)",4941.0,4685.003608298572,GradientBoosting,18.740014433194286,19.764
2024-12-26 15:00:00,"Times Sq-42 St (N,Q,R,W,S,1,2,3,7)/42 St (A,C,E)",6255.0,5156.480471956357,GradientBoosting,20.625921887825427,25.02
2024-12-26 16:00:00,"Times Sq-42 St (N,Q,R,W,S,1,2,3,7)/42 St (A,C,E)",6497.0,6140.125667749627,GradientBoosting,24.560502670998506,25.988
2024-12-26 17:00:00,"Times Sq-42 St (N,Q,R,W,S,1,2,3,7)/42 St (A,C,E)",7306.0,6896.785847003489,GradientBoosting,27.587143388013956,29.224
2024-12-26 18:00:00,"Times Sq-42 St (N,Q,R,W,S,1,2,3,7)/42 St (A,C,E)",7932.0,5129.579237660204,GradientBoosting,20.518316950640816,31.728
2024-12-26 19:00:00,"Times Sq-42 St (N,Q,R,W,S,1,2,3,7)/42 St (A,C,E)",6792.0,5262.218437538283,GradientBoosting,21.04887375015313,27.168
2024-12-26 20:00:00,"Times Sq-42 St (N,Q,R,W,S,1,2,3,7)/42 St (A,C,E)",4462.0,4824.641747716568,GradientBoosting,19.29856699086627,17.848
2024-12-26 21:00:00,"Times Sq-42 St (N,Q,R,W,S,1,2,3,7)/42 St (A,C,E)",6554.0,5289.800514812964,GradientBoosting,21.159202059251857,26.216
2024-12-26 22:00:00,"Times Sq-42 St (N,Q,R,W,S,1,2,3,7)/42 St (A,C,E)",6974.0,5290.692398909208,GradientBoosting,21.162769595636835,27.896
2024-12-26 23:00:00,"Times Sq-42 St (N,Q,R,W,S,1,2,3,7)/42 St (A,C,E)",3839.0,3102.2609412519328,GradientBoosting,12.40904376500773,15.356
2024-12-27 00:00:00,"Times Sq-42 St (N,Q,R,W,S,1,2,3,7)/42 St (A,C,E)",2464.0,1962.323800419382,GradientBoosting,7.849295201677528,9.856
2024-12-27 01:00:00,"Times Sq-42 St (N,Q,R,W,S,1,2,3,7)/42 St (A,C,E)",1042.0,991.8879841160154,GradientBoosting,3.9675519364640617,4.168
2024-12-27 02:00:00,"Times Sq-42 St (N,Q,R,W,S,1,2,3,7)/42 St (A,C,E)",460.0,448.22250848563573,GradientBoosting,1.7928900339425429,1.84
2024-12-27 03:00:00,"Times Sq-42 St (N,Q,R,W,S,1,2,3,7)/42 St (A,C,E)",234.0,347.03201092951883,GradientBoosting,1.3881280437180754,0.936
2024-12-27 04:00:00,"Times Sq-42 St (N,Q,R,W,S,1,2,3,7)/42 St (A,C,E)",241.0,219.97124607057674,GradientBoosting,0.879884984282307,0.964
2024-12-27 05:00:00,"Times Sq-42 St (N,Q,R,W,S,1,2,3,7)/42 St (A,C,E)",343.0,903.8809964178786,GradientBoosting,3.6155239856715142,1.372
2024-12-27 06:00:00,"Times Sq-42 St (N,Q,R,W,S,1,2,3,7)/42 St (A,C,E)",900.0,1568.5352542804915,GradientBoosting,6.274141017121966,3.6
2024-12-27 07:00:00,"Times Sq-42 St (N,Q,R,W,S,1,2,3,7)/42 St (A,C,E)",1328.0,3401.111051916336,GradientBoosting,13.604444207665344,5.312
2024-12-27 08:00:00,"Times Sq-42 St (N,Q,R,W,S,1,2,3,7)/42 St (A,C,E)",1754.0,3868.4238638930697,GradientBoosting,15.473695455572278,7.016
2024-12-27 09:00:00,"Times Sq-42 St (N,Q,R,W,S,1,2,3,7)/42 St (A,C,E)",3355.0,4280.694614245768,GradientBoosting,17.122778456983074,13.42
2024-12-27 10:00:00,"Times Sq-42 St (N,Q,R,W,S,1,2,3,7)/42 St (A,C,E)",4614.0,4404.832601855122,GradientBoosting,17.619330407420488,18.456
2024-12-27 11:00:00,"Times Sq-42 St (N,Q,R,W,S,1,2,3,7)/42 St (A,C,E)",5006.0,4129.190443623845,GradientBoosting,16.51676177449538,20.024
2024-12-27 12:00:00,"Times Sq-42 St (N,Q,R,W,S,1,2,3,7)/42 St (A,C,E)",4268.0,4113.235997086514,GradientBoosting,16.452943988346053,17.072
2024-12-27 13:00:00,"Times Sq-42 St (N,Q,R,W,S,1,2,3,7)/42 St (A,C,E)",4692.0,4046.952203356051,GradientBoosting,16.187808813424205,18.768
2024-12-27 14:00:00,"Times Sq-42 St (N,Q,R,W,S,1,2,3,7)/42 St (A,C,E)",4713.0,4689.8177324799535,GradientBoosting,18.759270929919815,18.852
2024-12-27 15:00:00,"Times Sq-42 St (N,Q,R,W,S,1,2,3,7)/42 St (A,C,E)",6381.0,5178.793749579869,GradientBoosting,20.715174998319476,25.524
2024-12-27 16:00:00,"Times Sq-42 St (N,Q,R,W,S,1,2,3,7)/42 St (A,C,E)",6932.0,5752.549175971872,GradientBoosting,23.010196703887488,27.728
2024-12-27 17:00:00,"Times Sq-42 St (N,Q,R,W,S,1,2,3,7)/42 St (A,C,E)",6075.0,6259.092587040334,GradientBoosting,25.036370348161338,24.3
2024-12-27 18:00:00,"Times Sq-42 St (N,Q,R,W,S,1,2,3,7)/42 St (A,C,E)",5997.0,5634.593662186564,GradientBoosting,22.538374648746256,23.988
2024-12-27 19:00:00,"Times Sq-42 St (N,Q,R,W,S,1,2,3,7)/42 St (A,C,E)",5372.0,4849.829094078578,GradientBoosting,19.399316376314314,21.488
2024-12-27 20:00:00,"Times Sq-42 St (N,Q,R,W,S,1,2,3,7)/42 St (A,C,E)",5075.0,4845.006151446116,GradientBoosting,19.380024605784463,20.3
2024-12-27 21:00:00,"Times Sq-42 St (N,Q,R,W,S,1,2,3,7)/42 St (A,C,E)",5302.0,5229.012034367447,GradientBoosting,20.916048137469787,21.208
2024-12-27 22:00:00,"Times Sq-42 St (N,Q,R,W,S,1,2,3,7)/42 St (A,C,E)",5620.0,5778.434946575511,GradientBoosting,23.113739786302045,22.48
2024-12-27 23:00:00,"Times Sq-42 St (N,Q,R,W,S,1,2,3,7)/42 St (A,C,E)",3472.0,3761.2672924983763,GradientBoosting,15.045069169993505,13.888
2024-12-28 00:00:00,"Times Sq-42 St (N,Q,R,W,S,1,2,3,7)/42 St (A,C,E)",2193.0,2083.098178948026,GradientBoosting,8.332392715792105,8.772
2024-12-28 01:00:00,"Times Sq-42 St (N,Q,R,W,S,1,2,3,7)/42 St (A,C,E)",1035.0,1261.0440637396364,GradientBoosting,5.044176254958545,4.14
2024-12-28 02:00:00,"Times Sq-42 St (N,Q,R,W,S,1,2,3,7)/42 St (A,C,E)",438.0,528.5095803279636,GradientBoosting,2.1140383213118543,1.752
2024-12-28 03:00:00,"Times Sq-42 St (N,Q,R,W,S,1,2,3,7)/42 St (A,C,E)",293.0,264.9106060046834,GradientBoosting,1.0596424240187337,1.172
2024-12-28 04:00:00,"Times Sq-42 St (N,Q,R,W,S,1,2,3,7)/42 St (A,C,E)",218.0,136.93283908014755,GradientBoosting,0.5477313563205902,0.872
2024-12-28 05:00:00,"Times Sq-42 St (N,Q,R,W,S,1,2,3,7)/42 St (A,C,E)",187.0,416.29179078438233,GradientBoosting,1.6651671631375293,0.748
2024-12-28 06:00:00,"Times Sq-42 St (N,Q,R,W,S,1,2,3,7)/42 St (A,C,E)",581.0,1107.2836714978816,GradientBoosting,4.429134685991526,2.324
2024-12-28 07:00:00,"Times Sq-42 St (N,Q,R,W,S,1,2,3,7)/42 St (A,C,E)",1029.0,2458.970291230971,GradientBoosting,9.835881164923883,4.116
2024-12-28 08:00:00,"Times Sq-42 St (N,Q,R,W,S,1,2,3,7)/42 St (A,C,E)",2005.0,2332.567034115696,GradientBoosting,9.330268136462784,8.02
2024-12-28 09:00:00,"Times Sq-42 St (N,Q,R,W,S,1,2,3,7)/42 St (A,C,E)",3564.0,3309.3121779791145,GradientBoosting,13.237248711916457,14.256
2024-12-28 10:00:00,"Times Sq-42 St (N,Q,R,W,S,1,2,3,7)/42 St (A,C,E)",3262.0,3461.08112919453,GradientBoosting,13.844324516778121,13.048
2024-12-28 11:00:00,"Times Sq-42 St (N,Q,R,W,S,1,2,3,7)/42 St (A,C,E)",4397.0,3869.6050718058145,GradientBoosting,15.478420287223258,17.588
2024-12-28 12:00:00,"Times Sq-42 St (N,Q,R,W,S,1,2,3,7)/42 St (A,C,E)",3978.0,3831.9247981072226,GradientBoosting,15.32769919242889,15.912
2024-12-28 13:00:00,"Times Sq-42 St (N,Q,R,W,S,1,2,3,7)/42 St (A,C,E)",4587.0,3911.5043921982583,GradientBoosting,15.646017568793033,18.348
2024-12-28 14:00:00,"Times Sq-42 St (N,Q,R,W,S,1,2,3,7)/42 St (A,C,E)",3517.0,4367.915888027929,GradientBoosting,17.471663552111718,14.068
2024-12-28 15:00:00,"Times Sq-42 St (N,Q,R,W,S,1,2,3,7)/42 St (A,C,E)",4824.0,3570.775395054077,GradientBoosting,14.283101580216307,19.296
2024-12-28 16:00:00,"Times Sq-42 St (N,Q,R,W,S,1,2,3,7)/42 St (A,C,E)",5394.0,6033.4313384142415,GradientBoosting,24.133725353656967,21.576
2024-12-28 17:00:00,"Times Sq-42 St (N,Q,R,W,S,1,2,3,7)/42 St (A,C,E)",6138.0,6066.2266084310995,GradientBoosting,24.2649064337244,24.552
2024-12-28 18:00:00,"Times Sq-42 St (N,Q,R,W,S,1,2,3,7)/42 St (A,C,E)",6930.0,5284.926441122635,GradientBoosting,21.13970576449054,27.72
2024-12-28 19:00:00,"Times Sq-42 St (N,Q,R,W,S,1,2,3,7)/42 St (A,C,E)",5944.0,4311.462803412449,GradientBoosting,17.245851213649797,23.776
2024-12-28 20:00:00,"Times Sq-42 St (N,Q,R,W,S,1,2,3,7)/42 St (A,C,E)",4971.0,3953.1363169566307,GradientBoosting,15.812545267826524,19.884
2024-12-28 21:00:00,"Times Sq-42 St (N,Q,R,W,S,1,2,3,7)/42 St (A,C,E)",5741.0,4235.358926677961,GradientBoosting,16.941435706711843,22.964
2024-12-28 22:00:00,"Times Sq-42 St (N,Q,R,W,S,1,2,3,7)/42 St (A,C,E)",5590.0,3666.3653795540713,GradientBoosting,14.665461518216285,22.36
2024-12-28 23:00:00,"Times Sq-42 St (N,Q,R,W,S,1,2,3,7)/42 St (A,C,E)",2206.0,1994.841563457766,GradientBoosting,7.9793662538310635,8.824
2024-12-29 00:00:00,"Times Sq-42 St (N,Q,R,W,S,1,2,3,7)/42 St (A,C,E)",1706.0,978.8358874702507,GradientBoosting,3.9153435498810025,6.824
2024-12-29 01:00:00,"Times Sq-42 St (N,Q,R,W,S,1,2,3,7)/42 St (A,C,E)",708.0,580.93351920244,GradientBoosting,2.3237340768097603,2.832
2024-12-29 02:00:00,"Times Sq-42 St (N,Q,R,W,S,1,2,3,7)/42 St (A,C,E)",313.0,342.18808262122116,GradientBoosting,1.3687523304848845,1.252
2024-12-29 03:00:00,"Times Sq-42 St (N,Q,R,W,S,1,2,3,7)/42 St (A,C,E)",179.0,152.42333755020172,GradientBoosting,0.6096933502008068,0.716
2024-12-29 04:00:00,"Times Sq-42 St (N,Q,R,W,S,1,2,3,7)/42 St (A,C,E)",238.0,429.1444422531078,GradientBoosting,1.716577769012431,0.952
2024-12-29 05:00:00,"Times Sq-42 St (N,Q,R,W,S,1,2,3,7)/42 St (A,C,E)",1644.0,1830.5106211059103,GradientBoosting,7.322042484423641,6.576
2024-12-29 06:00:00,"Times Sq-42 St (N,Q,R,W,S,1,2,3,7)/42 St (A,C,E)",4270.0,4329.007932829804,GradientBoosting,17.316031731319217,17.08
2024-12-29 07:00:00,"Times Sq-42 St (N,Q,R,W,S,1,2,3,7)/42 St (A,C,E)",4066.0,5604.166952226924,GradientBoosting,22.416667808907697,16.264
2024-12-29 08:00:00,"Times Sq-42 St (N,Q,R,W,S,1,2,3,7)/42 St (A,C,E)",6019.0,7775.389627387374,GradientBoosting,31.1015585095495,24.076
2024-12-29 09:00:00,"Times Sq-42 St (N,Q,R,W,S,1,2,3,7)/42 St (A,C,E)",5593.0,5879.915443608668,GradientBoosting,23.519661774434674,22.372
2024-12-29 10:00:00,"Times Sq-42 St (N,Q,R,W,S,1,2,3,7)/42 St (A,C,E)",4998.0,4568.649107263405,GradientBoosting,18.27459642905362,19.992
2024-12-29 11:00:00,"Times Sq-42 St (N,Q,R,W,S,1,2,3,7)/42 St (A,C,E)",5289.0,3287.5917322837877,GradientBoosting,13.150366929135151,21.156
2024-12-29 12:00:00,"Times Sq-42 St (N,Q,R,W,S,1,2,3,7)/42 St (A,C,E)",4530.0,3698.0293887460753,GradientBoosting,14.792117554984301,18.12
2024-12-29 13:00:00,"Times Sq-42 St (N,Q,R,W,S,1,2,3,7)/42 St (A,C,E)",5695.0,4234.9218281357225,GradientBoosting,16.93968731254289,22.78
2024-12-29 14:00:00,"Times Sq-42 St (N,Q,R,W,S,1,2,3,7)/42 St (A,C,E)",6064.0,4592.894497781832,GradientBoosting,18.371577991127328,24.256
2024-12-29 15:00:00,"Times Sq-42 St (N,Q,R,W,S,1,2,3,7)/42 St (A,C,E)",6144.0,5161.645556742859,GradientBoosting,20.646582226971436,24.576
2024-12-29 16:00:00,"Times Sq-42 St (N,Q,R,W,S,1,2,3,7)/42 St (A,C,E)",8349.0,6525.386455633466,GradientBoosting,26.10154582253386,33.396
2024-12-29 17:00:00,"Times Sq-42 St (N,Q,R,W,S,1,2,3,7)/42 St (A,C,E)",7788.0,8265.416552347539,GradientBoosting,33.061666209390154,31.152
2024-12-29 18:00:00,"Times Sq-42 St (N,Q,R,W,S,1,2,3,7)/42 St (A,C,E)",7564.0,8497.598693268983,GradientBoosting,33.990394773075934,30.256
2024-12-29 19:00:00,"Times Sq-42 St (N,Q,R,W,S,1,2,3,7)/42 St (A,C,E)",5403.0,5857.657459674161,GradientBoosting,23.430629838696646,21.612
2024-12-29 20:00:00,"Times Sq-42 St (N,Q,R,W,S,1,2,3,7)/42 St (A,C,E)",5818.0,4261.338522173371,GradientBoosting,17.045354088693482,23.272
2024-12-29 21:00:00,"Times Sq-42 St (N,Q,R,W,S,1,2,3,7)/42 St (A,C,E)",6540.0,4781.232536191831,GradientBoosting,19.124930144767323,26.16
2024-12-29 22:00:00,"Times Sq-42 St (N,Q,R,W,S,1,2,3,7)/42 St (A,C,E)",6568.0,5081.796405334253,GradientBoosting,20.327185621337012,26.272
2024-12-29 23:00:00,"Times Sq-42 St (N,Q,R,W,S,1,2,3,7)/42 St (A,C,E)",3544.0,2599.595297782658,GradientBoosting,10.398381191130632,14.176
